iter	RMSE
0	102172.8826
50	32264.15306
100	26604.01747
150	24207.24119
200	22736.87846
250	21734.56505
300	20991.31632
350	20415.59171
400	19953.86666
450	19580.11803
499	19268.96572
